{"accuracy": 0.9986666666666667, "roc_auc": 0.5664284472961193, "average_precision": 0.009446737494363647}